"","Name","Image","Personality [1]","Species [1]","Birthday [1]","Catchphrase [1]","Hobbies [1]"
"1","Admiral","https://static.wikia.nocookie.net/animalcrossing/images/5/52/NH-Admiral_poster.png/revision/latest/scale-to-width-down/100?cb=20200522013249","♂ Cranky","Bird","January 27th","""aye aye""","Nature"
"2","Agent S","https://static.wikia.nocookie.net/animalcrossing/images/d/dd/NH-Agent_S_poster.png/revision/latest/scale-to-width-down/100?cb=20200410184209","♀ Peppy","Squirrel","July 2nd","""sidekick""","Fitness"
"3","Agnes","https://static.wikia.nocookie.net/animalcrossing/images/e/e8/NH-Agnes_poster.png/revision/latest/scale-to-width-down/100?cb=20200410185748","♀ Sisterly","Pig","April 21st","""snuffle""","Play"
"4","Al","https://static.wikia.nocookie.net/animalcrossing/images/9/90/NH-Al_poster.png/revision/latest/scale-to-width-down/100?cb=20200522013430","♂ Lazy","Gorilla","October 18th","""ayyeeee""","Fitness"
"5","Alfonso","https://static.wikia.nocookie.net/animalcrossing/images/0/0d/NH-Alfonso_poster.png/revision/latest/scale-to-width-down/100?cb=20200522013539","♂ Lazy","Alligator","June 9th","""it'sa me""","Play"
"6","Alice","https://static.wikia.nocookie.net/animalcrossing/images/9/96/NH-Alice_poster.png/revision/latest/scale-to-width-down/100?cb=20200522013639","♀ Normal","Koala","August 19th","""guvnor""","Education"
"7","Alli","https://static.wikia.nocookie.net/animalcrossing/images/e/e8/NH-Alli_poster.png/revision/latest/scale-to-width-down/100?cb=20200522013709","♀ Snooty","Alligator","November 8th","""graaagh""","Fashion"
"8","Amelia","https://static.wikia.nocookie.net/animalcrossing/images/9/9d/NH-Amelia_poster.png/revision/latest/scale-to-width-down/100?cb=20200410191249","♀ Snooty","Eagle","November 19th","""cuz""","Music"
"9","Anabelle","https://static.wikia.nocookie.net/animalcrossing/images/b/bd/NH-Anabelle_poster.png/revision/latest/scale-to-width-down/100?cb=20200522013805","♀ Peppy","Anteater","February 16th","""snorty""","Fashion"
"10","Anchovy","https://static.wikia.nocookie.net/animalcrossing/images/f/fc/NH-Anchovy_poster.png/revision/latest/scale-to-width-down/100?cb=20200522013831","♂ Lazy","Bird","March 4th","""chuurp""","Play"
"11","Angus","https://static.wikia.nocookie.net/animalcrossing/images/e/e9/NH-Angus_poster.png/revision/latest/scale-to-width-down/100?cb=20200522013857","♂ Cranky","Bull","April 30th","""macmoo""","Fitness"
"12","Anicotti","https://static.wikia.nocookie.net/animalcrossing/images/e/e1/NH-Anicotti_poster.png/revision/latest/scale-to-width-down/100?cb=20200410192311","♀ Peppy","Mouse","February 24th","""cannoli""","Fashion"
"13","Ankha","https://static.wikia.nocookie.net/animalcrossing/images/9/9a/NH-Ankha_poster.png/revision/latest/scale-to-width-down/100?cb=20200410182618","♀ Snooty","Cat","September 22nd","""me meow""","Nature"
"14","Annalisa","https://static.wikia.nocookie.net/animalcrossing/images/6/64/NH-Annalisa_poster.png/revision/latest/scale-to-width-down/100?cb=20200522013931","♀ Normal","Anteater","February 6th","""gumdrop""","Nature"
"15","Annalise","https://static.wikia.nocookie.net/animalcrossing/images/2/26/NH-Annalise_poster.png/revision/latest/scale-to-width-down/100?cb=20200522013957","♀ Snooty","Horse","December 2nd","""nipper""","Fashion"
"16","Antonio","https://static.wikia.nocookie.net/animalcrossing/images/d/d0/NH-Antonio_poster.png/revision/latest/scale-to-width-down/100?cb=20200522014023","♂ Jock","Anteater","October 20th","""honk""","Fitness"
"17","Apollo","https://static.wikia.nocookie.net/animalcrossing/images/7/78/NH-Apollo_poster.png/revision/latest/scale-to-width-down/100?cb=20200410191419","♂ Cranky","Eagle","July 4th","""pah""","Music"
"18","Apple","https://static.wikia.nocookie.net/animalcrossing/images/3/37/NH-Apple_poster.png/revision/latest/scale-to-width-down/100?cb=20200522014055","♀ Peppy","Hamster","September 24th","""cheekers""","Play"
"19","Astrid","https://static.wikia.nocookie.net/animalcrossing/images/3/3f/NH-Astrid_poster.png/revision/latest/scale-to-width-down/100?cb=20200522014120","♀ Snooty","Kangaroo","September 8th","""my pet""","Music"
"20","Audie","https://static.wikia.nocookie.net/animalcrossing/images/a/ac/NH-Audie_poster.png/revision/latest/scale-to-width-down/100?cb=20200410183255","♀ Peppy","Wolf","August 31st","""foxtrot""","Fitness"
"21","Aurora","https://static.wikia.nocookie.net/animalcrossing/images/3/33/NH-Aurora_poster.png/revision/latest/scale-to-width-down/100?cb=20200410190924","♀ Normal","Penguin","January 27th","""b-b-baby""","Education"
"22","Ava","https://static.wikia.nocookie.net/animalcrossing/images/2/25/NH-Ava_poster.png/revision/latest/scale-to-width-down/100?cb=20200522014146","♀ Normal","Chicken","April 28th","""beaker""","Music"
"23","Avery","https://static.wikia.nocookie.net/animalcrossing/images/9/95/NH-Avery_poster.png/revision/latest/scale-to-width-down/100?cb=20200410191139","♂ Cranky","Eagle","February 22nd","""skree-haw""","Music"
"24","Axel","https://static.wikia.nocookie.net/animalcrossing/images/c/c5/NH-Axel_poster.png/revision/latest/scale-to-width-down/100?cb=20200522014220","♂ Jock","Elephant","March 23rd","""WHONK""","Fitness"
"25","Baabara","https://static.wikia.nocookie.net/animalcrossing/images/d/d0/NH-Baabara_poster.png/revision/latest/scale-to-width-down/100?cb=20200410184807","♀ Snooty","Sheep","March 28th","""daahling""","Fashion"
"26","Bam","https://static.wikia.nocookie.net/animalcrossing/images/b/b2/NH-Bam_poster.png/revision/latest/scale-to-width-down/100?cb=20200522020326","♂ Jock","Deer","November 7th","""kablang""","Play"
"27","Bangle","https://static.wikia.nocookie.net/animalcrossing/images/c/c7/NH-Bangle_poster.png/revision/latest/scale-to-width-down/100?cb=20200410183706","♀ Peppy","Tiger","August 27th","""growf""","Fashion"
"28","Barold","https://static.wikia.nocookie.net/animalcrossing/images/9/99/NH-Barold_poster.png/revision/latest/scale-to-width-down/100?cb=20200522020415","♂ Lazy","Cub","March 2nd","""cubby""","Play"
"29","Bea","https://static.wikia.nocookie.net/animalcrossing/images/c/ca/NH-Bea_poster.png/revision/latest/scale-to-width-down/100?cb=20200522020603","♀ Normal","Dog","October 15th","""bingo""","Nature"
"30","Beardo","https://static.wikia.nocookie.net/animalcrossing/images/c/c7/NH-Beardo_poster.png/revision/latest/scale-to-width-down/100?cb=20200522020636","♂ Smug","Bear","September 27th","""whiskers""","Education"
"31","Beau","https://static.wikia.nocookie.net/animalcrossing/images/2/2a/NH-Beau_poster.png/revision/latest/scale-to-width-down/100?cb=20200522020451","♂ Lazy","Deer","April 5th","""saltlick""","Nature"
"32","Becky","https://static.wikia.nocookie.net/animalcrossing/images/e/ec/NH-Becky_poster.png/revision/latest/scale-to-width-down/100?cb=20200522020704","♀ Snooty","Chicken","December 9th","""chicklet""","Music"
"33","Bella","https://static.wikia.nocookie.net/animalcrossing/images/1/1e/NH-Bella_poster.png/revision/latest/scale-to-width-down/100?cb=20200410192458","♀ Peppy","Mouse","December 28th","""eeks""","Music"
"34","Benedict","https://static.wikia.nocookie.net/animalcrossing/images/0/0e/NH-Benedict_poster.png/revision/latest/scale-to-width-down/100?cb=20200522020807","♂ Lazy","Chicken","October 10th","""uh-hoo""","Play"
"35","Benjamin","https://static.wikia.nocookie.net/animalcrossing/images/5/5f/NH-Benjamin_poster.png/revision/latest/scale-to-width-down/100?cb=20200522021534","♂ Lazy","Dog","August 3rd","""alrighty""","Nature"
"36","Bertha","https://static.wikia.nocookie.net/animalcrossing/images/3/3f/NH-Bertha_poster.png/revision/latest/scale-to-width-down/100?cb=20200522021717","♀ Normal","Hippo","April 25th","""bloop""","Education"
"37","Bettina","https://static.wikia.nocookie.net/animalcrossing/images/a/a9/NH-Bettina_poster.png/revision/latest/scale-to-width-down/100?cb=20200410192221","♀ Normal","Mouse","June 12th","""eekers""","Education"
"38","Bianca","https://static.wikia.nocookie.net/animalcrossing/images/e/e2/NH-Bianca_poster.png/revision/latest/scale-to-width-down/100?cb=20200410183555","♀ Peppy","Tiger","December 13th","""glimmer""","Play"
"39","Biff","https://static.wikia.nocookie.net/animalcrossing/images/2/2c/NH-Biff_poster.png/revision/latest/scale-to-width-down/100?cb=20200522022022","♂ Jock","Hippo","March 29th","""squirt""","Fitness"
"40","Big Top","https://static.wikia.nocookie.net/animalcrossing/images/c/ca/NH-Big_Top_poster.png/revision/latest/scale-to-width-down/100?cb=20200522022102","♂ Lazy","Elephant","October 3rd","""villain""","Play"
"41","Bill","https://static.wikia.nocookie.net/animalcrossing/images/4/4c/NH-Bill_poster.png/revision/latest/scale-to-width-down/100?cb=20200522022341","♂ Jock","Duck","February 1st","""quacko""","Play"
"42","Billy","https://static.wikia.nocookie.net/animalcrossing/images/d/d3/NH-Billy_poster.png/revision/latest/scale-to-width-down/100?cb=20200522022646","♂ Jock","Goat","March 25th","""dagnaabit""","Play"
"43","Biskit","https://static.wikia.nocookie.net/animalcrossing/images/c/c8/NH-Biskit_poster.png/revision/latest/scale-to-width-down/100?cb=20200522023459","♂ Lazy","Dog","May 13th","""dawg""","Play"
"44","Bitty","https://static.wikia.nocookie.net/animalcrossing/images/7/7c/NH-Bitty_poster.png/revision/latest/scale-to-width-down/100?cb=20200522023552","♀ Snooty","Hippo","October 6th","""my dear""","Education"
"45","Blaire","https://static.wikia.nocookie.net/animalcrossing/images/f/f3/NH-Blaire_poster.png/revision/latest/scale-to-width-down/100?cb=20200410184330","♀ Snooty","Squirrel","July 3rd","""nutlet""","Fashion"
"46","Blanche","https://static.wikia.nocookie.net/animalcrossing/images/1/18/NH-Blanche_poster.png/revision/latest/scale-to-width-down/100?cb=20200410191641","♀ Snooty","Ostrich","December 21st","""quite so""","Nature"
"47","Bluebear","https://static.wikia.nocookie.net/animalcrossing/images/5/50/NH-Bluebear_poster.png/revision/latest/scale-to-width-down/100?cb=20200522023616","♀ Peppy","Cub","June 24th","""peach""","Fashion"
"48","Bob","https://static.wikia.nocookie.net/animalcrossing/images/1/14/NH-Bob_poster.png/revision/latest/scale-to-width-down/100?cb=20200410181927","♂ Lazy","Cat","January 1st","""pthhpth""","Play"
"49","Bonbon","https://static.wikia.nocookie.net/animalcrossing/images/7/75/NH-Bonbon_poster.png/revision/latest/scale-to-width-down/100?cb=20200410185137","♀ Peppy","Rabbit","March 3rd","""deelish""","Play"
"50","Bones","https://static.wikia.nocookie.net/animalcrossing/images/9/91/NH-Bones_poster.png/revision/latest/scale-to-width-down/100?cb=20200522023638","♂ Lazy","Dog","August 4th","""yip yip""","Play"
"51","Boomer","https://static.wikia.nocookie.net/animalcrossing/images/1/12/NH-Boomer_poster.png/revision/latest/scale-to-width-down/100?cb=20200410190457","♂ Lazy","Penguin","February 7th","""human""","Fitness"
"52","Boone","https://static.wikia.nocookie.net/animalcrossing/images/9/9c/NH-Boone_poster.png/revision/latest/scale-to-width-down/100?cb=20200522023703","♂ Jock","Gorilla","September 12th","""baboom""","Fitness"
"53","Boots","https://static.wikia.nocookie.net/animalcrossing/images/f/f3/NH-Boots_poster.png/revision/latest/scale-to-width-down/100?cb=20200522023756","♂ Jock","Alligator","August 7th","""munchie""","Play"
"54","Boris","https://static.wikia.nocookie.net/animalcrossing/images/5/54/NH-Boris_poster.png/revision/latest/scale-to-width-down/100?cb=20200410190014","♂ Cranky","Pig","November 6th","""schnort""","Nature"
"55","Boyd","https://static.wikia.nocookie.net/animalcrossing/images/9/9d/NH-Boyd_poster.png/revision/latest/scale-to-width-down/100?cb=20200522023834","♂ Cranky","Gorilla","October 1st","""uh-oh""","Fitness"
"56","Bree","https://static.wikia.nocookie.net/animalcrossing/images/4/42/NH-Bree_poster.png/revision/latest/scale-to-width-down/100?cb=20200410192442","♀ Snooty","Mouse","July 7th","""cheeseball""","Fashion"
"57","Broccolo","https://static.wikia.nocookie.net/animalcrossing/images/1/10/NH-Broccolo_poster.png/revision/latest/scale-to-width-down/100?cb=20200410192254","♂ Lazy","Mouse","June 30th","""eat it""","Play"
"58","Broffina","https://static.wikia.nocookie.net/animalcrossing/images/c/c9/NH-Broffina_poster.png/revision/latest/scale-to-width-down/100?cb=20200522024006","♀ Snooty","Chicken","October 24th","""cluckadoo""","Music"
"59","Bruce","https://static.wikia.nocookie.net/animalcrossing/images/6/6d/NH-Bruce_poster.png/revision/latest/scale-to-width-down/100?cb=20200522023923","♂ Cranky","Deer","May 26th","""gruff""","Nature"
"60","Bubbles","https://static.wikia.nocookie.net/animalcrossing/images/8/8d/NH-Bubbles_poster.png/revision/latest/scale-to-width-down/100?cb=20200522024110","♀ Peppy","Hippo","September 18th","""hipster""","Fashion"
"61","Buck","https://static.wikia.nocookie.net/animalcrossing/images/b/b2/NH-Buck_poster.png/revision/latest/scale-to-width-down/100?cb=20200522024142","♂ Jock","Horse","April 4th","""pardner""","Fitness"
"62","Bud","https://static.wikia.nocookie.net/animalcrossing/images/a/ab/NH-Bud_poster.png/revision/latest/scale-to-width-down/100?cb=20200522024206","♂ Jock","Lion","August 8th","""shredded""","Fitness"
"63","Bunnie","https://static.wikia.nocookie.net/animalcrossing/images/8/83/NH-Bunnie_poster.png/revision/latest/scale-to-width-down/100?cb=20200410185724","♀ Peppy","Rabbit","May 9th","""tee-hee""","Fashion"
"64","Butch","https://static.wikia.nocookie.net/animalcrossing/images/9/9a/NH-Butch_poster.png/revision/latest/scale-to-width-down/100?cb=20200522024229","♂ Cranky","Dog","November 1st","""ROOOOOWF""","Music"
"65","Buzz","https://static.wikia.nocookie.net/animalcrossing/images/f/f2/NH-Buzz_poster.png/revision/latest/scale-to-width-down/100?cb=20200410191156","♂ Cranky","Eagle","December 7th","""captain""","Nature"
"66","Cally","https://static.wikia.nocookie.net/animalcrossing/images/0/01/NH-Cally_poster.png/revision/latest/scale-to-width-down/100?cb=20200410184015","♀ Normal","Squirrel","September 4th","""WHEE""","Nature"
"67","Camofrog","https://static.wikia.nocookie.net/animalcrossing/images/9/91/NH-Camofrog_poster.png/revision/latest/scale-to-width-down/100?cb=20200522045135","♂ Cranky","Frog","June 5th","""ten-hut""","Music"
"68","Canberra","https://static.wikia.nocookie.net/animalcrossing/images/f/fd/NH-Canberra_poster.png/revision/latest/scale-to-width-down/100?cb=20200522045240","♀ Sisterly","Koala","May 14th","""nuh uh""","Play"
"69","Candi","https://static.wikia.nocookie.net/animalcrossing/images/c/ce/NH-Candi_poster.png/revision/latest/scale-to-width-down/100?cb=20200410192349","♀ Peppy","Mouse","April 13th","""sweetie""","Play"
"70","Carmen","https://static.wikia.nocookie.net/animalcrossing/images/1/1b/NH-Carmen_poster.png/revision/latest/scale-to-width-down/100?cb=20200410185152","♀ Peppy","Rabbit","January 6th","""nougat""","Fashion"
"71","Caroline","https://static.wikia.nocookie.net/animalcrossing/images/a/a5/NH-Caroline_poster.png/revision/latest/scale-to-width-down/100?cb=20200410184152","♀ Normal","Squirrel","July 15th","""hulaaaa""","Music"
"72","Carrie","https://static.wikia.nocookie.net/animalcrossing/images/0/0d/NH-Carrie_poster.png/revision/latest/scale-to-width-down/100?cb=20200522045312","♀ Normal","Kangaroo","December 5th","""little one""","Nature"
"73","Cashmere","https://static.wikia.nocookie.net/animalcrossing/images/8/8a/NH-Cashmere_poster.png/revision/latest/scale-to-width-down/100?cb=20200410184707","♀ Snooty","Sheep","April 2nd","""baaaby""","Fashion"
"74","Celia","https://static.wikia.nocookie.net/animalcrossing/images/8/8a/NH-Celia_poster.png/revision/latest/scale-to-width-down/100?cb=20200522045441","♀ Normal","Eagle","March 25th","""feathers""","Nature"
"75","Cesar","https://static.wikia.nocookie.net/animalcrossing/images/f/fd/NH-Cesar_poster.png/revision/latest/scale-to-width-down/100?cb=20200522045504","♂ Cranky","Gorilla","September 6th","""highness""","Fitness"
"76","Chadder","https://static.wikia.nocookie.net/animalcrossing/images/3/33/NH-Chadder_poster.png/revision/latest/scale-to-width-down/100?cb=20200410192119","♂ Smug","Mouse","December 15th","""fromage""","Fitness"
"77","Chai","https://static.wikia.nocookie.net/animalcrossing/images/f/f8/NH-Chai_poster.png/revision/latest/scale-to-width-down/100?cb=20210318062845","♀ Peppy","Elephant","March 6th","""flap flap""","Play"
"78","Charlise","https://static.wikia.nocookie.net/animalcrossing/images/7/71/NH-Charlise_poster.png/revision/latest/scale-to-width-down/100?cb=20200522045539","♀ Sisterly","Bear","April 17th","""urgh""","Fitness"
"79","Chelsea","https://static.wikia.nocookie.net/animalcrossing/images/e/e3/NH-Chelsea_poster.png/revision/latest/scale-to-width-down/100?cb=20210318062844","♀ Normal","Deer","January 18th","""pound cake""","Play"
"80","Cheri","https://static.wikia.nocookie.net/animalcrossing/images/5/5c/NH-Cheri_poster.png/revision/latest/scale-to-width-down/100?cb=20200522045610","♀ Peppy","Cub","March 17th","""tralala""","Fashion"
"81","Cherry","https://static.wikia.nocookie.net/animalcrossing/images/6/6e/NH-Cherry_poster.png/revision/latest/scale-to-width-down/100?cb=20200522045634","♀ Sisterly","Dog","May 11th","""what what""","Music"
"82","Chester","https://static.wikia.nocookie.net/animalcrossing/images/c/cf/NH-Chester_poster.png/revision/latest/scale-to-width-down/100?cb=20200522045921","♂ Lazy","Cub","August 6th","""rookie""","Play"
"83","Chevre","https://static.wikia.nocookie.net/animalcrossing/images/f/f4/NH-Chevre_poster.png/revision/latest/scale-to-width-down/100?cb=20200522045944","♀ Normal","Goat","March 6th","""la baa""","Education"
"84","Chief","https://static.wikia.nocookie.net/animalcrossing/images/5/56/NH-Chief_poster.png/revision/latest/scale-to-width-down/100?cb=20200410183536","♂ Cranky","Wolf","December 19th","""harrumph""","Music"
"85","Chops","https://static.wikia.nocookie.net/animalcrossing/images/6/6d/NH-Chops_poster.png/revision/latest/scale-to-width-down/100?cb=20200410185841","♂ Smug","Pig","October 13th","""zoink""","Education"
"86","Chow","https://static.wikia.nocookie.net/animalcrossing/images/b/b7/NH-Chow_poster.png/revision/latest/scale-to-width-down/100?cb=20200522050009","♂ Cranky","Bear","July 22nd","""aiya""","Fitness"
"87","Chrissy","https://static.wikia.nocookie.net/animalcrossing/images/1/1f/NH-Chrissy_poster.png/revision/latest/scale-to-width-down/100?cb=20200410185303","♀ Peppy","Rabbit","August 28th","""sparkles""","Fashion"
"88","Claude","https://static.wikia.nocookie.net/animalcrossing/images/1/19/NH-Claude_poster.png/revision/latest/scale-to-width-down/100?cb=20200410185347","♂ Lazy","Rabbit","December 3rd","""hopalong""","Nature"
"89","Claudia","https://static.wikia.nocookie.net/animalcrossing/images/b/b1/NH-Claudia_poster.png/revision/latest/scale-to-width-down/100?cb=20200410183623","♀ Snooty","Tiger","November 22nd","""ooh la la""","Music"
"90","Clay","https://static.wikia.nocookie.net/animalcrossing/images/0/0a/NH-Clay_poster.png/revision/latest/scale-to-width-down/100?cb=20200522050111","♂ Lazy","Hamster","October 19th","""thump""","Nature"
"91","Cleo","https://static.wikia.nocookie.net/animalcrossing/images/5/5e/NH-Cleo_poster.png/revision/latest/scale-to-width-down/100?cb=20200522050148","♀ Snooty","Horse","February 9th","""sugar""","Education"
"92","Clyde","https://static.wikia.nocookie.net/animalcrossing/images/9/93/NH-Clyde_poster.png/revision/latest/scale-to-width-down/100?cb=20200522050211","♂ Lazy","Horse","May 1st","""clip clawp""","Play"
"93","Coach","https://static.wikia.nocookie.net/animalcrossing/images/a/a3/NH-Coach_poster.png/revision/latest/scale-to-width-down/100?cb=20200522050254","♂ Jock","Bull","April 29th","""stubble""","Fitness"
"94","Cobb","https://static.wikia.nocookie.net/animalcrossing/images/6/6d/NH-Cobb_poster.png/revision/latest/scale-to-width-down/100?cb=20200410190041","♂ Jock","Pig","October 7th","""hot dog""","Education"
"95","Coco","https://static.wikia.nocookie.net/animalcrossing/images/3/37/NH-Coco_poster.png/revision/latest/scale-to-width-down/100?cb=20200410185633","♀ Normal","Rabbit","March 1st","""doyoing""","Education"
"96","Cole","https://static.wikia.nocookie.net/animalcrossing/images/6/60/NH-Cole_poster.png/revision/latest/scale-to-width-down/100?cb=20200410185107","♂ Lazy","Rabbit","August 10th","""coooooool""","Nature"
"97","Colton","https://static.wikia.nocookie.net/animalcrossing/images/0/04/NH-Colton_poster.png/revision/latest/scale-to-width-down/100?cb=20200522050356","♂ Smug","Horse","May 22nd","""check it""","Nature"
"98","Cookie","https://static.wikia.nocookie.net/animalcrossing/images/8/85/NH-Cookie_poster.png/revision/latest/scale-to-width-down/100?cb=20200522050431","♀ Peppy","Dog","June 18th","""arfer""","Fashion"
"99","Cousteau","https://static.wikia.nocookie.net/animalcrossing/images/4/41/NH-Cousteau_poster.png/revision/latest/scale-to-width-down/100?cb=20200522050709","♂ Jock","Frog","December 17th","""oui oui""","Fitness"
"100","Cranston","https://static.wikia.nocookie.net/animalcrossing/images/7/75/NH-Cranston_poster.png/revision/latest/scale-to-width-down/100?cb=20200410191717","♂ Lazy","Ostrich","September 23rd","""sweatband""","Nature"
"101","Croque","https://static.wikia.nocookie.net/animalcrossing/images/9/9a/NH-Croque_poster.png/revision/latest/scale-to-width-down/100?cb=20200522050646","♂ Cranky","Frog","July 18th","""as if""","Nature"
"102","Cube","https://static.wikia.nocookie.net/animalcrossing/images/c/c6/NH-Cube_poster.png/revision/latest/scale-to-width-down/100?cb=20200522050627","♂ Lazy","Penguin","January 29th","""brainfreeze""","Play"
"103","Curlos","https://static.wikia.nocookie.net/animalcrossing/images/1/15/NH-Curlos_poster.png/revision/latest/scale-to-width-down/100?cb=20200410184634","♂ Smug","Sheep","May 8th","""shearly""","Nature"
"104","Curly","https://static.wikia.nocookie.net/animalcrossing/images/1/14/NH-Curly_poster.png/revision/latest/scale-to-width-down/100?cb=20200410190319","♂ Jock","Pig","July 26th","""nyoink""","Fitness"
"105","Curt","https://static.wikia.nocookie.net/animalcrossing/images/e/ef/NH-Curt_poster.png/revision/latest/scale-to-width-down/100?cb=20200522050603","♂ Cranky","Bear","July 1st","""fuzzball""","Nature"
"106","Cyd","https://static.wikia.nocookie.net/animalcrossing/images/9/9b/NH-Cyd_poster.png/revision/latest/scale-to-width-down/100?cb=20200522050546","♂ Cranky","Elephant","June 9th","""rockin'""","Music"
"107","Cyrano","https://static.wikia.nocookie.net/animalcrossing/images/6/65/NH-Cyrano_poster.png/revision/latest/scale-to-width-down/100?cb=20200522050528","♂ Cranky","Anteater","March 9th","""ah-CHOO""","Education"
"108","Daisy","https://static.wikia.nocookie.net/animalcrossing/images/a/a8/NH-Daisy_poster.png/revision/latest/scale-to-width-down/100?cb=20200522052353","♀ Normal","Dog","November 16th","""bow-WOW""","Education"
"109","Deena","https://static.wikia.nocookie.net/animalcrossing/images/f/f5/NH-Deena_poster.png/revision/latest/scale-to-width-down/100?cb=20200522052417","♀ Normal","Duck","June 27th","""woowoo""","Education"
"110","Deirdre","https://static.wikia.nocookie.net/animalcrossing/images/c/c0/NH-Deirdre_poster.png/revision/latest/scale-to-width-down/100?cb=20200522052447","♀ Sisterly","Deer","May 4th","""whatevs""","Play"
"111","Del","https://static.wikia.nocookie.net/animalcrossing/images/c/c2/NH-Del_poster.png/revision/latest/scale-to-width-down/100?cb=20200522052532","♂ Cranky","Alligator","May 27th","""gronk""","Fitness"
"112","Deli","https://static.wikia.nocookie.net/animalcrossing/images/0/03/NH-Deli_poster.png/revision/latest/scale-to-width-down/100?cb=20200410192638","♂ Lazy","Monkey","May 24th","""monch""","Nature"
"113","Derwin","https://static.wikia.nocookie.net/animalcrossing/images/9/95/NH-Derwin_poster.png/revision/latest/scale-to-width-down/100?cb=20200522052553","♂ Lazy","Duck","May 25th","""derrrrr""","Play"
"114","Diana","https://static.wikia.nocookie.net/animalcrossing/images/1/10/NH-Diana_poster.png/revision/latest/scale-to-width-down/100?cb=20200522052616","♀ Snooty","Deer","January 4th","""no doy""","Education"
"115","Diva","https://static.wikia.nocookie.net/animalcrossing/images/e/e7/NH-Diva_poster.png/revision/latest/scale-to-width-down/100?cb=20200522052648","♀ Sisterly","Frog","October 2nd","""ya know""","Fitness"
"116","Dizzy","https://static.wikia.nocookie.net/animalcrossing/images/6/65/NH-Dizzy_poster.png/revision/latest/scale-to-width-down/100?cb=20200522052719","♂ Lazy","Elephant","July 14th","""woo-oo""","Play"
"117","Dobie","https://static.wikia.nocookie.net/animalcrossing/images/9/90/NH-Dobie_poster.png/revision/latest/scale-to-width-down/100?cb=20200410183359","♂ Cranky","Wolf","February 17th","""ohmmm""","Nature"
"118","Doc","https://static.wikia.nocookie.net/animalcrossing/images/5/52/NH-Doc_poster.png/revision/latest/scale-to-width-down/100?cb=20200410185403","♂ Lazy","Rabbit","March 16th","""old bunny""","Education"
"119","Dom","https://static.wikia.nocookie.net/animalcrossing/images/b/b2/NH-Dom_poster.png/revision/latest/scale-to-width-down/100?cb=20200410184416","♂ Jock","Sheep","March 18th","""indeedaroo""","Play"
"120","Dora","https://static.wikia.nocookie.net/animalcrossing/images/e/ed/NH-Dora_poster.png/revision/latest/scale-to-width-down/100?cb=20200522052746","♀ Normal","Mouse","February 18th","""squeaky""","Education"
"121","Dotty","https://static.wikia.nocookie.net/animalcrossing/images/7/72/NH-Dotty_poster.png/revision/latest/scale-to-width-down/100?cb=20200410185658","♀ Peppy","Rabbit","March 14th","""wee one""","Fashion"
"122","Drago","https://static.wikia.nocookie.net/animalcrossing/images/5/52/NH-Drago_poster.png/revision/latest/scale-to-width-down/100?cb=20200522052808","♂ Lazy","Alligator","February 12th","""burrrn""","Nature"
"123","Drake","https://static.wikia.nocookie.net/animalcrossing/images/1/16/NH-Drake_poster.png/revision/latest/scale-to-width-down/100?cb=20200522052837","♂ Lazy","Duck","June 25th","""quacko""","Play"
"124","Drift","https://static.wikia.nocookie.net/animalcrossing/images/7/7f/NH-Drift_poster.png/revision/latest/scale-to-width-down/100?cb=20200522053217","♂ Jock","Frog","October 9th","""dribbit""","Fitness"
"125","Ed","https://static.wikia.nocookie.net/animalcrossing/images/2/20/NH-Ed_poster.png/revision/latest/scale-to-width-down/100?cb=20200522053254","♂ Smug","Horse","September 16th","""greenhorn""","Nature"
"126","Egbert","https://static.wikia.nocookie.net/animalcrossing/images/d/d8/NH-Egbert_poster.png/revision/latest/scale-to-width-down/100?cb=20200522053317","♂ Lazy","Chicken","October 14th","""doodle-duh""","Play"
"127","Elise","https://static.wikia.nocookie.net/animalcrossing/images/c/cf/NH-Elise_poster.png/revision/latest/scale-to-width-down/100?cb=20200522053343","♀ Snooty","Monkey","March 21st","""puh-lease""","Fashion"
"128","Ellie","https://static.wikia.nocookie.net/animalcrossing/images/1/12/NH-Ellie_poster.png/revision/latest/scale-to-width-down/100?cb=20200522053412","♀ Normal","Elephant","May 12th","""li'l one""","Nature"
"129","Elmer","https://static.wikia.nocookie.net/animalcrossing/images/a/a5/NH-Elmer_poster.png/revision/latest/scale-to-width-down/100?cb=20200522053439","♂ Lazy","Horse","October 5th","""tenderfoot""","Play"
"130","Eloise","https://static.wikia.nocookie.net/animalcrossing/images/d/d1/NH-Eloise_poster.png/revision/latest/scale-to-width-down/100?cb=20200522053508","♀ Snooty","Elephant","December 8th","""tooooot""","Fashion"
"131","Elvis","https://static.wikia.nocookie.net/animalcrossing/images/3/36/NH-Elvis_poster.png/revision/latest/scale-to-width-down/100?cb=20200522053535","♂ Cranky","Lion","July 23rd","""unh-hunh""","Education"
"132","Erik","https://static.wikia.nocookie.net/animalcrossing/images/f/fc/NH-Erik_poster.png/revision/latest/scale-to-width-down/100?cb=20200522053559","♂ Lazy","Deer","July 27th","""chow down""","Nature"
"133","Étoile","https://static.wikia.nocookie.net/animalcrossing/images/3/3b/NH-%C3%89toile_poster.png/revision/latest/scale-to-width-down/100?cb=20210318192921","♀ Normal","Sheep","December 25th","""fuzzy""","Music"
"134","Eugene","https://static.wikia.nocookie.net/animalcrossing/images/f/f7/NH-Eugene_poster.png/revision/latest/scale-to-width-down/100?cb=20200410192826","♂ Smug","Koala","October 26th","""yeah buddy""","Music"
"135","Eunice","https://static.wikia.nocookie.net/animalcrossing/images/a/a4/NH-Eunice_poster.png/revision/latest/scale-to-width-down/100?cb=20200410184747","♀ Normal","Sheep","April 3rd","""lambchop""","Fashion"
"136","Fang","https://static.wikia.nocookie.net/animalcrossing/images/7/77/NH-Fang_poster.png/revision/latest/scale-to-width-down/100?cb=20200410183143","♂ Cranky","Wolf","December 18th","""cha-chomp""","Education"
"137","Fauna","https://static.wikia.nocookie.net/animalcrossing/images/b/b4/NH-Fauna_poster.png/revision/latest/scale-to-width-down/100?cb=20200522053652","♀ Normal","Deer","March 26th","""dearie""","Nature"
"138","Felicity","https://static.wikia.nocookie.net/animalcrossing/images/8/80/NH-Felicity_poster.png/revision/latest/scale-to-width-down/100?cb=20200410182504","♀ Peppy","Cat","March 30th","""mimimi""","Fashion"
"139","Filbert","https://static.wikia.nocookie.net/animalcrossing/images/3/3e/NH-Filbert_poster.png/revision/latest/scale-to-width-down/100?cb=20200410184309","♂ Lazy","Squirrel","June 3rd","""bucko""","Nature"
"140","Flip","https://static.wikia.nocookie.net/animalcrossing/images/1/19/NH-Flip_poster.png/revision/latest/scale-to-width-down/100?cb=20200522053720","♂ Jock","Monkey","November 21st","""rerack""","Music"
"141","Flo","https://static.wikia.nocookie.net/animalcrossing/images/9/97/NH-Flo_poster.png/revision/latest/scale-to-width-down/100?cb=20200410190352","♀ Sisterly","Penguin","September 2nd","""cha""","Music"
"142","Flora","https://static.wikia.nocookie.net/animalcrossing/images/4/46/NH-Flora_poster.png/revision/latest/scale-to-width-down/100?cb=20200410191616","♀ Peppy","Ostrich","February 9th","""pinky""","Play"
"143","Flurry","https://static.wikia.nocookie.net/animalcrossing/images/a/a3/NH-Flurry_poster.png/revision/latest/scale-to-width-down/100?cb=20200522053750","♀ Normal","Hamster","January 30th","""powderpuff""","Nature"
"144","Francine","https://static.wikia.nocookie.net/animalcrossing/images/a/a1/NH-Francine_poster.png/revision/latest/scale-to-width-down/100?cb=20200410185321","♀ Snooty","Rabbit","January 22nd","""karat""","Fashion"
"145","Frank","https://static.wikia.nocookie.net/animalcrossing/images/8/86/NH-Frank_poster.png/revision/latest/scale-to-width-down/100?cb=20200410191050","♂ Cranky","Eagle","July 30th","""crushy""","Education"
"146","Freckles","https://static.wikia.nocookie.net/animalcrossing/images/e/ea/NH-Freckles_poster.png/revision/latest/scale-to-width-down/100?cb=20200522053826","♀ Peppy","Duck","February 19th","""ducky""","Fashion"
"147","Freya","https://static.wikia.nocookie.net/animalcrossing/images/1/19/NH-Freya_poster.png/revision/latest/scale-to-width-down/100?cb=20200410183241","♀ Snooty","Wolf","December 14th","""uff da""","Fashion"
"148","Friga","https://static.wikia.nocookie.net/animalcrossing/images/7/75/NH-Friga_poster.png/revision/latest/scale-to-width-down/100?cb=20200410190835","♀ Snooty","Penguin","October 16th","""brrmph""","Fashion"
"149","Frita","https://static.wikia.nocookie.net/animalcrossing/images/5/5e/NH-Frita_poster.png/revision/latest/scale-to-width-down/100?cb=20200410184508","♀ Sisterly","Sheep","July 16th","""oh ewe""","Music"
"150","Frobert","https://static.wikia.nocookie.net/animalcrossing/images/5/5a/NH-Frobert_poster.png/revision/latest/scale-to-width-down/100?cb=20200522053855","♂ Jock","Frog","February 8th","""fribbit""","Fitness"
"151","Fuchsia","https://static.wikia.nocookie.net/animalcrossing/images/b/bf/NH-Fuchsia_poster.png/revision/latest/scale-to-width-down/100?cb=20200522053932","♀ Sisterly","Deer","September 19th","""precious""","Music"
"152","Gabi","https://static.wikia.nocookie.net/animalcrossing/images/8/8b/NH-Gabi_poster.png/revision/latest/scale-to-width-down/100?cb=20200410185547","♀ Peppy","Rabbit","December 16th","""honeybun""","Fashion"
"153","Gala","https://static.wikia.nocookie.net/animalcrossing/images/8/87/NH-Gala_poster.png/revision/latest/scale-to-width-down/100?cb=20200410185906","♀ Normal","Pig","March 5th","""snortie""","Education"
"154","Gaston","https://static.wikia.nocookie.net/animalcrossing/images/6/6f/NH-Gaston_poster.png/revision/latest/scale-to-width-down/100?cb=20200410185604","♂ Cranky","Rabbit","October 28th","""mon chou""","Education"
"155","Gayle","https://static.wikia.nocookie.net/animalcrossing/images/e/ee/NH-Gayle_poster.png/revision/latest/scale-to-width-down/100?cb=20200522061322","♀ Normal","Alligator","May 17th","""snacky""","Nature"
"156","Genji","https://static.wikia.nocookie.net/animalcrossing/images/7/70/NH-Genji_poster.png/revision/latest/scale-to-width-down/100?cb=20200410185443","♂ Jock","Rabbit","January 21st","""mochi""","Fitness"
"157","Gigi","https://static.wikia.nocookie.net/animalcrossing/images/4/44/NH-Gigi_poster.png/revision/latest/scale-to-width-down/100?cb=20200522061648","♀ Snooty","Frog","August 11th","""ribbette""","Fashion"
"158","Gladys","https://static.wikia.nocookie.net/animalcrossing/images/6/65/NH-Gladys_poster.png/revision/latest/scale-to-width-down/100?cb=20200410191858","♀ Normal","Ostrich","January 15th","""stretch""","Education"
"159","Gloria","https://static.wikia.nocookie.net/animalcrossing/images/4/4d/NH-Gloria_poster.png/revision/latest/scale-to-width-down/100?cb=20200522061718","♀ Snooty","Duck","August 12th","""quacker""","Fashion"
"160","Goldie","https://static.wikia.nocookie.net/animalcrossing/images/e/e6/NH-Goldie_poster.png/revision/latest/scale-to-width-down/100?cb=20200522061740","♀ Normal","Dog","December 27th","""woof""","Nature"
"161","Gonzo","https://static.wikia.nocookie.net/animalcrossing/images/d/de/NH-Gonzo_poster.png/revision/latest/scale-to-width-down/100?cb=20200522061802","♂ Cranky","Koala","October 13th","""mate""","Nature"
"162","Goose","https://static.wikia.nocookie.net/animalcrossing/images/a/ab/NH-Goose_poster.png/revision/latest/scale-to-width-down/100?cb=20200522063919","♂ Jock","Chicken","October 4th","""buh-kay""","Fitness"
"163","Graham","https://static.wikia.nocookie.net/animalcrossing/images/c/cf/NH-Graham_poster.png/revision/latest/scale-to-width-down/100?cb=20200522061907","♂ Smug","Hamster","June 20th","""indeed""","Education"
"164","Greta","https://static.wikia.nocookie.net/animalcrossing/images/1/1c/NH-Greta_poster.png/revision/latest/scale-to-width-down/100?cb=20200410192204","♀ Snooty","Mouse","September 5th","""yelp""","Education"
"165","Grizzly","https://static.wikia.nocookie.net/animalcrossing/images/9/96/NH-Grizzly_poster.png/revision/latest/scale-to-width-down/100?cb=20200522061950","♂ Cranky","Bear","July 31st","""grrr""","Education"
"166","Groucho","https://static.wikia.nocookie.net/animalcrossing/images/f/f7/NH-Groucho_poster.png/revision/latest/scale-to-width-down/100?cb=20200522062020","♂ Cranky","Bear","October 23rd","""grumble""","Music"
"167","Gruff","https://static.wikia.nocookie.net/animalcrossing/images/4/44/NH-Gruff_poster.png/revision/latest/scale-to-width-down/100?cb=20200522063653","♂ Cranky","Goat","August 29th","""bleh eh eh""","Music"
"168","Gwen","https://static.wikia.nocookie.net/animalcrossing/images/0/04/NH-Gwen_poster.png/revision/latest/scale-to-width-down/100?cb=20200410190543","♀ Snooty","Penguin","January 23rd","""h-h-h-hon""","Fashion"
"169","Hamlet","https://static.wikia.nocookie.net/animalcrossing/images/b/b2/NH-Hamlet_poster.png/revision/latest/scale-to-width-down/100?cb=20200522062149","♂ Jock","Hamster","May 30th","""hammie""","Play"
"170","Hamphrey","https://static.wikia.nocookie.net/animalcrossing/images/5/56/NH-Hamphrey_poster.png/revision/latest/scale-to-width-down/100?cb=20200522062214","♂ Cranky","Hamster","February 25th","""snort""","Nature"
"171","Hans","https://static.wikia.nocookie.net/animalcrossing/images/e/eb/NH-Hans_poster.png/revision/latest/scale-to-width-down/100?cb=20200522062237","♂ Smug","Gorilla","December 5th","""groovy""","Fitness"
"172","Harry","https://static.wikia.nocookie.net/animalcrossing/images/8/8d/NH-Harry_poster.png/revision/latest/scale-to-width-down/100?cb=20200522062306","♂ Cranky","Hippo","January 7th","""beach bum""","Education"
"173","Hazel","https://static.wikia.nocookie.net/animalcrossing/images/4/48/NH-Hazel_poster.png/revision/latest/scale-to-width-down/100?cb=20200410183827","♀ Sisterly","Squirrel","August 30th","""uni-wow""","Play"
"174","Henry","https://static.wikia.nocookie.net/animalcrossing/images/2/24/NH-Henry_poster.png/revision/latest/scale-to-width-down/100?cb=20200522062351","♂ Smug","Frog","September 21st","""snoozit""","Music"
"175","Hippeux","https://static.wikia.nocookie.net/animalcrossing/images/a/a3/NH-Hippeux_poster.png/revision/latest/scale-to-width-down/100?cb=20200522062422","♂ Smug","Hippo","October 15th","""natch""","Education"
"176","Hopkins","https://static.wikia.nocookie.net/animalcrossing/images/0/00/NH-Hopkins_poster.png/revision/latest/scale-to-width-down/100?cb=20200410185246","♂ Lazy","Rabbit","March 11th","""thumper""","Nature"
"177","Hopper","https://static.wikia.nocookie.net/animalcrossing/images/0/01/NH-Hopper_poster.png/revision/latest/scale-to-width-down/100?cb=20200410190612","♂ Cranky","Penguin","April 6th","""slushie""","Music"
"178","Hornsby","https://static.wikia.nocookie.net/animalcrossing/images/4/48/NH-Hornsby_poster.png/revision/latest/scale-to-width-down/100?cb=20200410184934","♂ Lazy","Rhino","March 20th","""schnozzle""","Nature"
"179","Huck","https://static.wikia.nocookie.net/animalcrossing/images/b/ba/NH-Huck_poster.png/revision/latest/scale-to-width-down/100?cb=20200522062452","♂ Smug","Frog","July 9th","""hopper""","Fitness"
"180","Hugh","https://static.wikia.nocookie.net/animalcrossing/images/3/3e/NH-Hugh_poster.png/revision/latest/scale-to-width-down/100?cb=20200410190230","♂ Lazy","Pig","December 30th","""snortle""","Play"
"181","Iggly","https://static.wikia.nocookie.net/animalcrossing/images/4/48/NH-Iggly_poster.png/revision/latest/scale-to-width-down/100?cb=20200410190437","♂ Jock","Penguin","November 2nd","""waddler""","Fitness"
"182","Ike","https://static.wikia.nocookie.net/animalcrossing/images/3/33/NH-Ike_poster.png/revision/latest/scale-to-width-down/100?cb=20200522062526","♂ Cranky","Bear","May 16th","""roadie""","Nature"
"183","JacobNAJakeyPAL","https://static.wikia.nocookie.net/animalcrossing/images/6/65/NH-Jacob_poster.png/revision/latest/scale-to-width-down/100?cb=20200522062554","♂ Lazy","Bird","August 24th","""ya feel""","Nature"
"184","Jacques","https://static.wikia.nocookie.net/animalcrossing/images/b/bf/NH-Jacques_poster.png/revision/latest/scale-to-width-down/100?cb=20200522062617","♂ Smug","Bird","June 22nd","""zut alors""","Music"
"185","Jambette","https://static.wikia.nocookie.net/animalcrossing/images/a/ab/NH-Jambette_poster.png/revision/latest/scale-to-width-down/100?cb=20200522063434","♀ Normal","Frog","October 27th","""croak-kay""","Fashion"
"186","Jay","https://static.wikia.nocookie.net/animalcrossing/images/e/e6/NH-Jay_poster.png/revision/latest/scale-to-width-down/100?cb=20200522063408","♂ Jock","Bird","July 17th","""heeeeeyy""","Fitness"
"187","Jeremiah","https://static.wikia.nocookie.net/animalcrossing/images/c/cd/NH-Jeremiah_poster.png/revision/latest/scale-to-width-down/100?cb=20200522063336","♂ Lazy","Frog","July 8th","""nee-deep""","Play"
"188","Jitters","https://static.wikia.nocookie.net/animalcrossing/images/d/de/NH-Jitters_poster.png/revision/latest/scale-to-width-down/100?cb=20200522063309","♂ Jock","Bird","February 2nd","""bzzert""","Fitness"
"189","Joey","https://static.wikia.nocookie.net/animalcrossing/images/e/e4/NH-Joey_poster.png/revision/latest/scale-to-width-down/100?cb=20200522063240","♂ Lazy","Duck","January 3rd","""bleeeeeck""","Play"
"190","Judy","https://static.wikia.nocookie.net/animalcrossing/images/5/50/NH-Judy_poster.png/revision/latest/scale-to-width-down/100?cb=20200522063219","♀ Snooty","Cub","March 10th","""myohmy""","Music"
"191","Julia","https://static.wikia.nocookie.net/animalcrossing/images/f/fc/NH-Julia_poster.png/revision/latest/scale-to-width-down/100?cb=20200410191747","♀ Snooty","Ostrich","July 31st","""dahling""","Education"
"192","Julian","https://static.wikia.nocookie.net/animalcrossing/images/f/f4/NH-Julian_poster.png/revision/latest/scale-to-width-down/100?cb=20200410192747","♂ Smug","Horse","March 15th","""glitter""","Music"
"193","June","https://static.wikia.nocookie.net/animalcrossing/images/9/90/NH-June_poster.png/revision/latest/scale-to-width-down/100?cb=20200522063156","♀ Normal","Cub","May 21st","""rainbow""","Nature"
"194","Kabuki","https://static.wikia.nocookie.net/animalcrossing/images/f/f1/NH-Kabuki_poster.png/revision/latest/scale-to-width-down/100?cb=20200410182309","♂ Cranky","Cat","November 29th","""meooo-OH""","Music"
"195","Katt","https://static.wikia.nocookie.net/animalcrossing/images/e/ee/NH-Katt_poster.png/revision/latest/scale-to-width-down/100?cb=20200410182946","♀ Sisterly","Cat","April 27th","""purrty""","Music"
"196","Keaton","https://static.wikia.nocookie.net/animalcrossing/images/e/e5/NH-Keaton_poster.png/revision/latest/scale-to-width-down/100?cb=20200522063126","♂ Smug","Eagle","June 1st","""wingo""","Music"
"197","Ken","https://static.wikia.nocookie.net/animalcrossing/images/2/2d/NH-Ken_poster.png/revision/latest/scale-to-width-down/100?cb=20200522063105","♂ Smug","Chicken","December 23rd","""no doubt""","Education"
"198","Ketchup","https://static.wikia.nocookie.net/animalcrossing/images/e/e1/NH-Ketchup_poster.png/revision/latest/scale-to-width-down/100?cb=20200522063044","♀ Peppy","Duck","July 27th","""bitty""","Play"
"199","Kevin","https://static.wikia.nocookie.net/animalcrossing/images/2/20/NH-Kevin_poster.png/revision/latest/scale-to-width-down/100?cb=20200410185817","♂ Jock","Pig","April 26th","""weeweewee""","Play"
"200","Kid Cat","https://static.wikia.nocookie.net/animalcrossing/images/3/30/NH-Kid_Cat_poster.png/revision/latest/scale-to-width-down/100?cb=20200410182348","♂ Jock","Cat","August 1st","""psst""","Fitness"
"201","Kidd","https://static.wikia.nocookie.net/animalcrossing/images/4/46/NH-Kidd_poster.png/revision/latest/scale-to-width-down/100?cb=20200522063019","♂ Smug","Goat","June 28th","""wut""","Education"
"202","Kiki","https://static.wikia.nocookie.net/animalcrossing/images/3/34/NH-Kiki_poster.png/revision/latest/scale-to-width-down/100?cb=20200410182200","♀ Normal","Cat","October 8th","""kitty cat""","Education"
"203","Kitt","https://static.wikia.nocookie.net/animalcrossing/images/e/ed/NH-Kitt_poster.png/revision/latest/scale-to-width-down/100?cb=20200522062950","♀ Normal","Kangaroo","October 11th","""child""","Education"
"204","Kitty","https://static.wikia.nocookie.net/animalcrossing/images/7/7a/NH-Kitty_poster.png/revision/latest/scale-to-width-down/100?cb=20200410182820","♀ Snooty","Cat","February 15th","""mrowrr""","Fashion"
"205","Klaus","https://static.wikia.nocookie.net/animalcrossing/images/5/56/NH-Klaus_poster.png/revision/latest/scale-to-width-down/100?cb=20200522062928","♂ Smug","Bear","March 31st","""strudel""","Education"
"206","Knox","https://static.wikia.nocookie.net/animalcrossing/images/4/45/NH-Knox_poster.png/revision/latest/scale-to-width-down/100?cb=20200522062907","♂ Cranky","Chicken","November 23rd","""cluckling""","Education"
"207","Kody","https://static.wikia.nocookie.net/animalcrossing/images/3/30/NH-Kody_poster.png/revision/latest/scale-to-width-down/100?cb=20200522062831","♂ Jock","Cub","September 28th","""grah grah""","Fitness"
"208","Kyle","https://static.wikia.nocookie.net/animalcrossing/images/9/93/NH-Kyle_poster.png/revision/latest/scale-to-width-down/100?cb=20200410183323","♂ Smug","Wolf","December 6th","""alpha""","Music"
"209","Leonardo","https://static.wikia.nocookie.net/animalcrossing/images/1/1a/NH-Leonardo_poster.png/revision/latest/scale-to-width-down/100?cb=20200410183650","♂ Jock","Tiger","May 15th","""flexin'""","Fitness"
"210","Leopold","https://static.wikia.nocookie.net/animalcrossing/images/d/dc/NH-Leopold_poster.png/revision/latest/scale-to-width-down/100?cb=20200410192806","♂ Smug","Lion","August 14th","""lion cub""","Education"
"211","Lily","https://static.wikia.nocookie.net/animalcrossing/images/f/f0/NH-Lily_poster.png/revision/latest/scale-to-width-down/100?cb=20200522070016","♀ Normal","Frog","February 4th","""toady""","Education"
"212","Limberg","https://static.wikia.nocookie.net/animalcrossing/images/1/12/NH-Limberg_poster.png/revision/latest/scale-to-width-down/100?cb=20200410192555","♂ Cranky","Mouse","October 17th","""squinky""","Education"
"213","Lionel","https://static.wikia.nocookie.net/animalcrossing/images/b/b1/NH-Lionel_poster.png/revision/latest/scale-to-width-down/100?cb=20200522065956","♂ Smug","Lion","July 29th","""precisely""","Music"
"214","Lobo","https://static.wikia.nocookie.net/animalcrossing/images/f/f8/NH-Lobo_poster.png/revision/latest/scale-to-width-down/100?cb=20200410183522","♂ Cranky","Wolf","November 5th","""ah-rooooo""","Education"
"215","Lolly","https://static.wikia.nocookie.net/animalcrossing/images/b/b0/NH-Lolly_poster.png/revision/latest/scale-to-width-down/100?cb=20200410182533","♀ Normal","Cat","March 27th","""bonbon""","Music"
"216","Lopez","https://static.wikia.nocookie.net/animalcrossing/images/d/dc/NH-Lopez_poster.png/revision/latest/scale-to-width-down/100?cb=20200522065932","♂ Smug","Deer","August 20th","""badoom""","Education"
"217","Louie","https://static.wikia.nocookie.net/animalcrossing/images/1/13/NH-Louie_poster.png/revision/latest/scale-to-width-down/100?cb=20200522065914","♂ Jock","Gorilla","March 26th","""hoo hoo ha""","Fitness"
"218","Lucha","https://static.wikia.nocookie.net/animalcrossing/images/d/dc/NH-Lucha_poster.png/revision/latest/scale-to-width-down/100?cb=20200522065852","♂ Smug","Bird","December 12th","""cacaw""","Fitness"
"219","Lucky","https://static.wikia.nocookie.net/animalcrossing/images/4/4d/NH-Lucky_poster.png/revision/latest/scale-to-width-down/100?cb=20200522065833","♂ Lazy","Dog","November 4th","""rrr-owch""","Play"
"220","Lucy","https://static.wikia.nocookie.net/animalcrossing/images/1/14/NH-Lucy_poster.png/revision/latest/scale-to-width-down/100?cb=20200410190214","♀ Normal","Pig","June 2nd","""snoooink""","Music"
"221","Lyman","https://static.wikia.nocookie.net/animalcrossing/images/1/1a/NH-Lyman_poster.png/revision/latest/scale-to-width-down/100?cb=20200522065812","♂ Jock","Koala","October 12th","""chips""","Play"
"222","Mac","https://static.wikia.nocookie.net/animalcrossing/images/4/4d/NH-Mac_poster.png/revision/latest/scale-to-width-down/100?cb=20200522065753","♂ Jock","Dog","November 11th","""woo woof""","Fitness"
"223","Maddie","https://static.wikia.nocookie.net/animalcrossing/images/0/07/NH-Maddie_poster.png/revision/latest/scale-to-width-down/100?cb=20200522065730","♀ Peppy","Dog","January 11th","""yippee""","Play"
"224","Maelle","https://static.wikia.nocookie.net/animalcrossing/images/d/de/NH-Maelle_poster.png/revision/latest/scale-to-width-down/100?cb=20200522065709","♀ Snooty","Duck","April 8th","""duckling""","Fashion"
"225","Maggie","https://static.wikia.nocookie.net/animalcrossing/images/4/4f/NH-Maggie_poster.png/revision/latest/scale-to-width-down/100?cb=20200410185952","♀ Normal","Pig","September 3rd","""schep""","Nature"
"226","Mallary","https://static.wikia.nocookie.net/animalcrossing/images/3/35/NH-Mallary_poster.png/revision/latest/scale-to-width-down/100?cb=20200522065649","♀ Snooty","Duck","November 17th","""quackpth""","Fashion"
"227","Maple","https://static.wikia.nocookie.net/animalcrossing/images/d/d1/NH-Maple_poster.png/revision/latest/scale-to-width-down/100?cb=20200522065624","♀ Normal","Cub","June 15th","""honey""","Education"
"228","Marcel","https://static.wikia.nocookie.net/animalcrossing/images/e/e5/NH-Marcel_poster.png/revision/latest/scale-to-width-down/100?cb=20200522065604","♂ Lazy","Dog","December 31st","""non""","Play"
"229","Marcie","https://static.wikia.nocookie.net/animalcrossing/images/d/db/NH-Marcie_poster.png/revision/latest/scale-to-width-down/100?cb=20200522065544","♀ Normal","Kangaroo","May 31st","""pouches""","Nature"
"230","Margie","https://static.wikia.nocookie.net/animalcrossing/images/f/ff/NH-Margie_poster.png/revision/latest/scale-to-width-down/100?cb=20200522065513","♀ Normal","Elephant","January 28th","""tootie""","Education"
"231","Marina","https://static.wikia.nocookie.net/animalcrossing/images/f/fd/NH-Marina_poster.png/revision/latest/scale-to-width-down/100?cb=20200410192009","♀ Normal","Octopus","June 26th","""blurp""","Music"
"232","Marshal","https://static.wikia.nocookie.net/animalcrossing/images/e/e6/NH-Marshal_poster.png/revision/latest/scale-to-width-down/100?cb=20200522065451","♂ Smug","Squirrel","September 29th","""sulky""","Music"
"233","Marty","https://static.wikia.nocookie.net/animalcrossing/images/3/39/NH-Marty_poster.png/revision/latest/scale-to-width-down/100?cb=20210318062847","♂ Lazy","Cub","April 16th","""pompom""","Play"
"234","Mathilda","https://static.wikia.nocookie.net/animalcrossing/images/8/81/NH-Mathilda_poster.png/revision/latest/scale-to-width-down/100?cb=20200522065431","♀ Snooty","Kangaroo","November 12th","""wee baby""","Fitness"
"235","Megan","https://static.wikia.nocookie.net/animalcrossing/images/1/18/NH-Megan_poster.png/revision/latest/scale-to-width-down/100?cb=20200522065410","♀ Normal","Bear","March 13th","""sundae""","Nature"
"236","Melba","https://static.wikia.nocookie.net/animalcrossing/images/5/57/NH-Melba_poster.png/revision/latest/scale-to-width-down/100?cb=20200522065347","♀ Normal","Koala","April 12th","""toasty""","Education"
"237","Merengue","https://static.wikia.nocookie.net/animalcrossing/images/9/9d/NH-Merengue_poster.png/revision/latest/scale-to-width-down/100?cb=20200410184909","♀ Normal","Rhino","March 19th","""shortcake""","Nature"
"238","Merry","https://static.wikia.nocookie.net/animalcrossing/images/f/f0/NH-Merry_poster.png/revision/latest/scale-to-width-down/100?cb=20200410182436","♀ Peppy","Cat","June 29th","""mweee""","Fashion"
"239","Midge","https://static.wikia.nocookie.net/animalcrossing/images/8/86/NH-Midge_poster.png/revision/latest/scale-to-width-down/100?cb=20200522065322","♀ Normal","Bird","March 12th","""tweedledee""","Education"
"240","Mint","https://static.wikia.nocookie.net/animalcrossing/images/2/2a/NH-Mint_poster.png/revision/latest/scale-to-width-down/100?cb=20200410184044","♀ Snooty","Squirrel","May 2nd","""ahhhhhh""","Fashion"
"241","Mira","https://static.wikia.nocookie.net/animalcrossing/images/7/79/NH-Mira_poster.png/revision/latest/scale-to-width-down/100?cb=20200410185049","♀ Sisterly","Rabbit","July 6th","""cottontail""","Fitness"
"242","Miranda","https://static.wikia.nocookie.net/animalcrossing/images/f/f4/NH-Miranda_poster.png/revision/latest/scale-to-width-down/100?cb=20200522065300","♀ Snooty","Duck","April 23rd","""quackulous""","Fashion"
"243","Mitzi","https://static.wikia.nocookie.net/animalcrossing/images/2/20/NH-Mitzi_poster.png/revision/latest/scale-to-width-down/100?cb=20200410182006","♀ Normal","Cat","September 25th","""mew""","Education"
"244","Moe","https://static.wikia.nocookie.net/animalcrossing/images/7/7e/NH-Moe_poster.png/revision/latest/scale-to-width-down/100?cb=20200410182701","♂ Lazy","Cat","January 12th","""myawn""","Play"
"245","Molly","https://static.wikia.nocookie.net/animalcrossing/images/0/00/NH-Molly_poster.png/revision/latest/scale-to-width-down/100?cb=20200522065237","♀ Normal","Duck","March 7th","""quackidee""","Nature"
"246","Monique","https://static.wikia.nocookie.net/animalcrossing/images/d/d3/NH-Monique_poster.png/revision/latest/scale-to-width-down/100?cb=20200410182724","♀ Snooty","Cat","September 30th","""pffffft""","Fashion"
"247","Monty","https://static.wikia.nocookie.net/animalcrossing/images/2/2b/NH-Monty_poster.png/revision/latest/scale-to-width-down/100?cb=20200522065214","♂ Cranky","Monkey","December 7th","""g'tang""","Education"
"248","Moose","https://static.wikia.nocookie.net/animalcrossing/images/b/b2/NH-Moose_poster.png/revision/latest/scale-to-width-down/100?cb=20200410192236","♂ Jock","Mouse","September 13th","""shorty""","Fitness"
"249","Mott","https://static.wikia.nocookie.net/animalcrossing/images/6/66/NH-Mott_poster.png/revision/latest/scale-to-width-down/100?cb=20200522065136","♂ Jock","Lion","July 10th","""cagey""","Fitness"
"250","Muffy","https://static.wikia.nocookie.net/animalcrossing/images/7/70/NH-Muffy_poster.png/revision/latest/scale-to-width-down/100?cb=20200410184450","♀ Sisterly","Sheep","February 14th","""nightshade""","Music"
"251","Murphy","https://static.wikia.nocookie.net/animalcrossing/images/6/69/NH-Murphy_poster.png/revision/latest/scale-to-width-down/100?cb=20200522065115","♂ Cranky","Cub","December 29th","""malarkey""","Education"
"252","Nan","https://static.wikia.nocookie.net/animalcrossing/images/d/de/NH-Nan_poster.png/revision/latest/scale-to-width-down/100?cb=20200522184645","♀ Normal","Goat","August 24th","""kid""","Nature"
"253","Nana","https://static.wikia.nocookie.net/animalcrossing/images/6/64/NH-Nana_poster.png/revision/latest/scale-to-width-down/100?cb=20200522184710","♀ Normal","Monkey","August 23rd","""po po""","Education"
"254","Naomi","https://static.wikia.nocookie.net/animalcrossing/images/9/97/NH-Naomi_poster.png/revision/latest/scale-to-width-down/100?cb=20200522184727","♀ Snooty","Cow","February 28th","""moolah""","Fashion"
"255","Nate","https://static.wikia.nocookie.net/animalcrossing/images/1/1a/NH-Nate_poster.png/revision/latest/scale-to-width-down/100?cb=20200522184748","♂ Lazy","Bear","August 16th","""yawwwn""","Play"
"256","Nibbles","https://static.wikia.nocookie.net/animalcrossing/images/d/d5/NH-Nibbles_poster.png/revision/latest/scale-to-width-down/100?cb=20200410184229","♀ Peppy","Squirrel","July 19th","""niblet""","Fashion"
"257","Norma","https://static.wikia.nocookie.net/animalcrossing/images/9/94/NH-Norma_poster.png/revision/latest/scale-to-width-down/100?cb=20200522184806","♀ Normal","Cow","September 20th","""hoof hoo""","Nature"
"258","Octavian","https://static.wikia.nocookie.net/animalcrossing/images/8/82/NH-Octavian_poster.png/revision/latest/scale-to-width-down/100?cb=20200410192036","♂ Cranky","Octopus","September 20th","""sucker""","Play"
"259","O'Hare","https://static.wikia.nocookie.net/animalcrossing/images/5/57/NH-O%27Hare_poster.png/revision/latest/scale-to-width-down/100?cb=20200410185212","♂ Smug","Rabbit","July 24th","""amigo""","Nature"
"260","Olaf","https://static.wikia.nocookie.net/animalcrossing/images/5/5c/NH-Olaf_poster.png/revision/latest/scale-to-width-down/100?cb=20200522184827","♂ Smug","Anteater","May 19th","""whiffa""","Education"
"261","Olive","https://static.wikia.nocookie.net/animalcrossing/images/f/fd/NH-Olive_poster.png/revision/latest/scale-to-width-down/100?cb=20200522184858","♀ Normal","Cub","July 12th","""sweet pea""","Nature"
"262","Olivia","https://static.wikia.nocookie.net/animalcrossing/images/5/5a/NH-Olivia_poster.png/revision/latest/scale-to-width-down/100?cb=20200410182136","♀ Snooty","Cat","February 3rd","""purrr""","Music"
"263","Opal","https://static.wikia.nocookie.net/animalcrossing/images/7/73/NH-Opal_poster.png/revision/latest/scale-to-width-down/100?cb=20200522184918","♀ Snooty","Elephant","January 20th","""snoot""","Fashion"
"264","Ozzie","https://static.wikia.nocookie.net/animalcrossing/images/2/2c/NH-Ozzie_poster.png/revision/latest/scale-to-width-down/100?cb=20200522185151","♂ Lazy","Koala","May 7th","""ol' bear""","Play"
"265","Pancetti","https://static.wikia.nocookie.net/animalcrossing/images/4/49/NH-Pancetti_poster.png/revision/latest/scale-to-width-down/100?cb=20200410185802","♀ Snooty","Pig","November 14th","""sooey""","Music"
"266","Pango","https://static.wikia.nocookie.net/animalcrossing/images/d/d3/NH-Pango_poster.png/revision/latest/scale-to-width-down/100?cb=20200522185217","♀ Peppy","Anteater","November 9th","""snooooof""","Fashion"
"267","Paolo","https://static.wikia.nocookie.net/animalcrossing/images/f/fc/NH-Paolo_poster.png/revision/latest/scale-to-width-down/100?cb=20200522185319","♂ Lazy","Elephant","May 5th","""pal""","Nature"
"268","Papi","https://static.wikia.nocookie.net/animalcrossing/images/6/6d/NH-Papi_poster.png/revision/latest/scale-to-width-down/100?cb=20200522185246","♂ Lazy","Horse","January 10th","""haaay""","Nature"
"269","Pashmina","https://static.wikia.nocookie.net/animalcrossing/images/2/29/NH-Pashmina_poster.png/revision/latest/scale-to-width-down/100?cb=20200522185339","♀ Sisterly","Goat","December 26th","""kidders""","Music"
"270","Pate","https://static.wikia.nocookie.net/animalcrossing/images/2/20/NH-Pate_poster.png/revision/latest/scale-to-width-down/100?cb=20200522185358","♀ Peppy","Duck","February 23rd","""quackle""","Fashion"
"271","Patty","https://static.wikia.nocookie.net/animalcrossing/images/f/f8/NH-Patty_poster.png/revision/latest/scale-to-width-down/100?cb=20200522185417","♀ Peppy","Cow","May 10th","""how-now""","Fashion"
"272","Paula","https://static.wikia.nocookie.net/animalcrossing/images/7/79/NH-Paula_poster.png/revision/latest/scale-to-width-down/100?cb=20200522185438","♀ Sisterly","Bear","March 22nd","""yodelay""","Fitness"
"273","Peaches","https://static.wikia.nocookie.net/animalcrossing/images/8/8a/NH-Peaches_poster.png/revision/latest/scale-to-width-down/100?cb=20200522185456","♀ Normal","Horse","November 28th","""neighbor""","Education"
"274","Peanut","https://static.wikia.nocookie.net/animalcrossing/images/6/68/NH-Peanut_poster.png/revision/latest/scale-to-width-down/100?cb=20200522185516","♀ Peppy","Squirrel","June 8th","""slacker""","Fashion"
"275","Pecan","https://static.wikia.nocookie.net/animalcrossing/images/4/48/NH-Pecan_poster.png/revision/latest/scale-to-width-down/100?cb=20200410184245","♀ Snooty","Squirrel","September 10th","""chipmunk""","Fashion"
"276","Peck","https://static.wikia.nocookie.net/animalcrossing/images/d/d8/NH-Peck_poster.png/revision/latest/scale-to-width-down/100?cb=20200522185539","♂ Jock","Bird","July 25th","""crunch""","Play"
"277","Peewee","https://static.wikia.nocookie.net/animalcrossing/images/c/cb/NH-Peewee_poster.png/revision/latest/scale-to-width-down/100?cb=20200522185601","♂ Cranky","Gorilla","September 11th","""li'l bitty baby""","Fitness"
"278","Peggy","https://static.wikia.nocookie.net/animalcrossing/images/a/a1/NH-Peggy_poster.png/revision/latest/scale-to-width-down/100?cb=20200410185931","♀ Peppy","Pig","May 23rd","""shweetie""","Fashion"
"279","Pekoe","https://static.wikia.nocookie.net/animalcrossing/images/6/6a/NH-Pekoe_poster.png/revision/latest/scale-to-width-down/100?cb=20200522185628","♀ Normal","Cub","May 18th","""bud""","Nature"
"280","Penelope","https://static.wikia.nocookie.net/animalcrossing/images/7/72/NH-Penelope_poster.png/revision/latest/scale-to-width-down/100?cb=20200410192138","♀ Peppy","Mouse","February 5th","""oh bow""","Fashion"
"281","Phil","https://static.wikia.nocookie.net/animalcrossing/images/2/26/NH-Phil_poster.png/revision/latest/scale-to-width-down/100?cb=20200410191701","♂ Smug","Ostrich","November 27th","""hurk""","Music"
"282","Phoebe","https://static.wikia.nocookie.net/animalcrossing/images/8/8b/NH-Phoebe_poster.png/revision/latest/scale-to-width-down/100?cb=20200410191547","♀ Sisterly","Ostrich","April 22nd","""sparky""","Fitness"
"283","Pierce","https://static.wikia.nocookie.net/animalcrossing/images/8/8f/NH-Pierce_poster.png/revision/latest/scale-to-width-down/100?cb=20200410191226","♂ Jock","Eagle","January 8th","""hawkeye""","Fitness"
"284","Pietro","https://static.wikia.nocookie.net/animalcrossing/images/2/21/NH-Pietro_poster.png/revision/latest/scale-to-width-down/100?cb=20200522185656","♂ Smug","Sheep","April 19th","""honk honk""","Music"
"285","Pinky","https://static.wikia.nocookie.net/animalcrossing/images/e/ea/NH-Pinky_poster.png/revision/latest/scale-to-width-down/100?cb=20200522185718","♀ Peppy","Bear","September 9th","""wah""","Fashion"
"286","Piper","https://static.wikia.nocookie.net/animalcrossing/images/4/47/NH-Piper_poster.png/revision/latest/scale-to-width-down/100?cb=20200522185742","♀ Peppy","Bird","April 18th","""chickadee""","Play"
"287","Pippy","https://static.wikia.nocookie.net/animalcrossing/images/8/8c/NH-Pippy_poster.png/revision/latest/scale-to-width-down/100?cb=20200410185526","♀ Peppy","Rabbit","June 14th","""li'l hare""","Fashion"
"288","Plucky","https://static.wikia.nocookie.net/animalcrossing/images/6/62/NH-Plucky_poster.png/revision/latest/scale-to-width-down/100?cb=20200522185801","♀ Sisterly","Chicken","October 12th","""chicky-poo""","Play"
"289","Pompom","https://static.wikia.nocookie.net/animalcrossing/images/1/18/NH-Pompom_poster.png/revision/latest/scale-to-width-down/100?cb=20200522185820","♀ Peppy","Duck","February 11th","""rah rah""","Music"
"290","Poncho","https://static.wikia.nocookie.net/animalcrossing/images/e/ea/NH-Poncho_poster.png/revision/latest/scale-to-width-down/100?cb=20200522185838","♂ Jock","Cub","January 2nd","""li'l bear""","Fitness"
"291","Poppy","https://static.wikia.nocookie.net/animalcrossing/images/5/5c/NH-Poppy_poster.png/revision/latest/scale-to-width-down/100?cb=20200410183916","♀ Normal","Squirrel","August 5th","""nutty""","Education"
"292","Portia","https://static.wikia.nocookie.net/animalcrossing/images/7/79/NH-Portia_poster.png/revision/latest/scale-to-width-down/100?cb=20200522185904","♀ Snooty","Dog","October 25th","""ruffian""","Fashion"
"293","Prince","https://static.wikia.nocookie.net/animalcrossing/images/0/0b/NH-Prince_poster.png/revision/latest/scale-to-width-down/100?cb=20200522185927","♂ Lazy","Frog","July 21st","""burrup""","Play"
"294","Puck","https://static.wikia.nocookie.net/animalcrossing/images/5/52/NH-Puck_poster.png/revision/latest/scale-to-width-down/100?cb=20200410190527","♂ Lazy","Penguin","February 21st","""brrrrrrrrr""","Fitness"
"295","Puddles","https://static.wikia.nocookie.net/animalcrossing/images/7/78/NH-Puddles_poster.png/revision/latest/scale-to-width-down/100?cb=20200522185948","♀ Peppy","Frog","January 13th","""splish""","Fashion"
"296","Pudge","https://static.wikia.nocookie.net/animalcrossing/images/2/2b/NH-Pudge_poster.png/revision/latest/scale-to-width-down/100?cb=20200522190008","♂ Lazy","Cub","June 11th","""golly""","Play"
"297","Punchy","https://static.wikia.nocookie.net/animalcrossing/images/d/d2/NH-Punchy_poster.png/revision/latest/scale-to-width-down/100?cb=20200410182252","♂ Lazy","Cat","April 11th","""mrmpht""","Play"
"298","Purrl","https://static.wikia.nocookie.net/animalcrossing/images/3/3d/NH-Purrl_poster.png/revision/latest/scale-to-width-down/100?cb=20200410182641","♀ Snooty","Cat","May 29th","""kitten""","Fashion"
"299","Queenie","https://static.wikia.nocookie.net/animalcrossing/images/c/c6/NH-Queenie_poster.png/revision/latest/scale-to-width-down/100?cb=20200410191922","♀ Snooty","Ostrich","November 13th","""chicken""","Fashion"
"300","Quillson","https://static.wikia.nocookie.net/animalcrossing/images/6/69/NH-Quillson_poster.png/revision/latest/scale-to-width-down/100?cb=20200522190041","♂ Smug","Duck","December 22nd","""ridukulous""","Music"
"301","Raddle","https://static.wikia.nocookie.net/animalcrossing/images/5/5b/NH-Raddle_poster.png/revision/latest/scale-to-width-down/100?cb=20200522190100","♂ Lazy","Frog","June 6th","""aaach—""","Nature"
"302","Rasher","https://static.wikia.nocookie.net/animalcrossing/images/b/ba/NH-Rasher_poster.png/revision/latest/scale-to-width-down/100?cb=20200410190250","♂ Cranky","Pig","April 7th","""swine""","Music"
"303","Raymond","https://static.wikia.nocookie.net/animalcrossing/images/8/8e/NH-Raymond_poster.png/revision/latest/scale-to-width-down/100?cb=20200522190120","♂ Smug","Cat","October 1st","""crisp""","Nature"
"304","Renée","https://static.wikia.nocookie.net/animalcrossing/images/d/d8/NH-Ren%C3%A9e_poster.png/revision/latest/scale-to-width-down/100?cb=20200522190140","♀ Sisterly","Rhino","May 28th","""yo yo yo""","Music"
"305","Reneigh","https://static.wikia.nocookie.net/animalcrossing/images/3/33/NH-Reneigh_poster.png/revision/latest/scale-to-width-down/100?cb=20200522190158","♀ Sisterly","Horse","June 4th","""ayup yup""","Play"
"306","Rex","https://static.wikia.nocookie.net/animalcrossing/images/a/a7/NH-Rex_poster.png/revision/latest/scale-to-width-down/100?cb=20200522190216","♂ Lazy","Lion","July 24th","""cool cat""","Nature"
"307","Rhonda","https://static.wikia.nocookie.net/animalcrossing/images/1/12/NH-Rhonda_poster.png/revision/latest/scale-to-width-down/100?cb=20200410185017","♀ Normal","Rhino","January 24th","""bigfoot""","Music"
"308","Ribbot","https://static.wikia.nocookie.net/animalcrossing/images/4/4e/NH-Ribbot_poster.png/revision/latest/scale-to-width-down/100?cb=20200522190235","♂ Jock","Frog","February 13th","""zzrrbbitt""","Fitness"
"309","Ricky","https://static.wikia.nocookie.net/animalcrossing/images/6/6b/NH-Ricky_poster.png/revision/latest/scale-to-width-down/100?cb=20200410184030","♂ Cranky","Squirrel","September 14th","""nutcase""","Education"
"310","Rilla","https://static.wikia.nocookie.net/animalcrossing/images/b/b4/NH-Rilla_poster.png/revision/latest/scale-to-width-down/100?cb=20210318193110","♀ Peppy","Gorilla","November 1st","""hello""","Nature"
"311","Rizzo","https://static.wikia.nocookie.net/animalcrossing/images/9/93/NH-Rizzo_poster.png/revision/latest/scale-to-width-down/100?cb=20200410192330","♂ Cranky","Mouse","January 17th","""squee""","Education"
"312","Roald","https://static.wikia.nocookie.net/animalcrossing/images/4/4f/NH-Roald_poster.png/revision/latest/scale-to-width-down/100?cb=20200410190858","♂ Jock","Penguin","January 5th","""b-b-buddy""","Fitness"
"313","Robin","https://static.wikia.nocookie.net/animalcrossing/images/6/62/NH-Robin_poster.png/revision/latest/scale-to-width-down/100?cb=20200522190258","♀ Snooty","Bird","December 4th","""la-di-da""","Fashion"
"314","Rocco","https://static.wikia.nocookie.net/animalcrossing/images/3/32/NH-Rocco_poster.png/revision/latest/scale-to-width-down/100?cb=20200522190320","♂ Cranky","Hippo","August 18th","""hippie""","Education"
"315","Rocket","https://static.wikia.nocookie.net/animalcrossing/images/d/d3/NH-Rocket_poster.png/revision/latest/scale-to-width-down/100?cb=20200522190339","♀ Sisterly","Gorilla","April 14th","""vroom""","Fitness"
"316","Rod","https://static.wikia.nocookie.net/animalcrossing/images/1/10/NH-Rod_poster.png/revision/latest/scale-to-width-down/100?cb=20200410192406","♂ Jock","Mouse","August 14th","""ace""","Fitness"
"317","Rodeo","https://static.wikia.nocookie.net/animalcrossing/images/1/15/NH-Rodeo_poster.png/revision/latest/scale-to-width-down/100?cb=20200522190402","♂ Lazy","Bull","October 29th","""chaps""","Fitness"
"318","Rodney","https://static.wikia.nocookie.net/animalcrossing/images/5/58/NH-Rodney_poster.png/revision/latest/scale-to-width-down/100?cb=20200522190421","♂ Smug","Hamster","November 10th","""le ham""","Music"
"319","Rolf","https://static.wikia.nocookie.net/animalcrossing/images/5/5c/NH-Rolf_poster.png/revision/latest/scale-to-width-down/100?cb=20200410183806","♂ Cranky","Tiger","August 22nd","""grrrolf""","Fitness"
"320","Rooney","https://static.wikia.nocookie.net/animalcrossing/images/3/36/NH-Rooney_poster.png/revision/latest/scale-to-width-down/100?cb=20200522191451","♂ Cranky","Kangaroo","December 1st","""punches""","Fitness"
"321","Rory","https://static.wikia.nocookie.net/animalcrossing/images/f/f3/NH-Rory_poster.png/revision/latest/scale-to-width-down/100?cb=20200522190446","♂ Jock","Lion","August 7th","""capital""","Music"
"322","Roscoe","https://static.wikia.nocookie.net/animalcrossing/images/0/01/NH-Roscoe_poster.png/revision/latest/scale-to-width-down/100?cb=20200522190504","♂ Cranky","Horse","June 16th","""nay""","Music"
"323","Rosie","https://static.wikia.nocookie.net/animalcrossing/images/4/46/NH-Rosie_poster.png/revision/latest/scale-to-width-down/100?cb=20200410182055","♀ Peppy","Cat","February 27th","""silly""","Music"
"324","Rowan","https://static.wikia.nocookie.net/animalcrossing/images/4/41/NH-Rowan_poster.png/revision/latest/scale-to-width-down/100?cb=20200410183742","♂ Jock","Tiger","August 26th","""mango""","Fitness"
"325","Ruby","https://static.wikia.nocookie.net/animalcrossing/images/5/5c/NH-Ruby_poster.png/revision/latest/scale-to-width-down/100?cb=20201129214247","♀ Peppy","Rabbit","December 25th","""li'l ears""","Nature"
"326","Rudy","https://static.wikia.nocookie.net/animalcrossing/images/c/c1/NH-Rudy_poster.png/revision/latest/scale-to-width-down/100?cb=20200410182928","♂ Jock","Cat","December 20th","""mush""","Play"
"327","Sally","https://static.wikia.nocookie.net/animalcrossing/images/5/5d/NH-Sally_poster.png/revision/latest/scale-to-width-down/100?cb=20200410184136","♀ Normal","Squirrel","June 19th","""nutmeg""","Music"
"328","Samson","https://static.wikia.nocookie.net/animalcrossing/images/d/d7/NH-Samson_poster.png/revision/latest/scale-to-width-down/100?cb=20200410192424","♂ Jock","Mouse","July 5th","""pipsqueak""","Fitness"
"329","Sandy","https://static.wikia.nocookie.net/animalcrossing/images/9/93/NH-Sandy_poster.png/revision/latest/scale-to-width-down/100?cb=20200410191836","♀ Normal","Ostrich","October 21st","""speedy""","Nature"
"330","Savannah","https://static.wikia.nocookie.net/animalcrossing/images/1/10/NH-Savannah_poster.png/revision/latest/scale-to-width-down/100?cb=20200522190527","♀ Normal","Horse","January 25th","""y'all""","Music"
"331","Scoot","https://static.wikia.nocookie.net/animalcrossing/images/9/9d/NH-Scoot_poster.png/revision/latest/scale-to-width-down/100?cb=20200522190547","♂ Jock","Duck","June 13th","""zip zoom""","Fitness"
"332","Shari","https://static.wikia.nocookie.net/animalcrossing/images/4/47/NH-Shari_poster.png/revision/latest/scale-to-width-down/100?cb=20200410192655","♀ Sisterly","Monkey","April 10th","""cheeky""","Music"
"333","Sheldon","https://static.wikia.nocookie.net/animalcrossing/images/8/8e/NH-Sheldon_poster.png/revision/latest/scale-to-width-down/100?cb=20200410183900","♂ Jock","Squirrel","February 26th","""cardio""","Play"
"334","Shep","https://static.wikia.nocookie.net/animalcrossing/images/e/e9/NH-Shep_poster.png/revision/latest/scale-to-width-down/100?cb=20200522190611","♂ Smug","Dog","November 24th","""baa baa baa""","Education"
"335","Sherb","https://static.wikia.nocookie.net/animalcrossing/images/3/31/NH-Sherb_poster.png/revision/latest/scale-to-width-down/100?cb=20200916011120","♂ Lazy","Goat","January 18th","""bawwww""","Nature"
"336","Simon","https://static.wikia.nocookie.net/animalcrossing/images/6/6a/NH-Simon_poster.png/revision/latest/scale-to-width-down/100?cb=20200522190630","♂ Lazy","Monkey","January 19th","""zzzook""","Play"
"337","Skye","https://static.wikia.nocookie.net/animalcrossing/images/1/10/NH-Skye_poster.png/revision/latest/scale-to-width-down/100?cb=20200410183340","♀ Normal","Wolf","March 24th","""airmail""","Music"
"338","Sly","https://static.wikia.nocookie.net/animalcrossing/images/7/7f/NH-Sly_poster.png/revision/latest/scale-to-width-down/100?cb=20200522190705","♂ Jock","Alligator","November 15th","""hoo-rah""","Play"
"339","Snake","https://static.wikia.nocookie.net/animalcrossing/images/2/2c/NH-Snake_poster.png/revision/latest/scale-to-width-down/100?cb=20200410185619","♂ Jock","Rabbit","November 3rd","""bunyip""","Fitness"
"340","Snooty","https://static.wikia.nocookie.net/animalcrossing/images/d/d2/NH-Snooty_poster.png/revision/latest/scale-to-width-down/100?cb=20200522190727","♀ Snooty","Anteater","October 24th","""sniffff""","Education"
"341","Soleil","https://static.wikia.nocookie.net/animalcrossing/images/9/9f/NH-Soleil_poster.png/revision/latest/scale-to-width-down/100?cb=20200522190746","♀ Snooty","Hamster","August 9th","""tarnation""","Education"
"342","Sparro","https://static.wikia.nocookie.net/animalcrossing/images/6/69/NH-Sparro_poster.png/revision/latest/scale-to-width-down/100?cb=20200522190812","♂ Jock","Bird","November 20th","""like whoa""","Play"
"343","Spike","https://static.wikia.nocookie.net/animalcrossing/images/9/95/NH-Spike_poster.png/revision/latest/scale-to-width-down/100?cb=20200410185000","♂ Cranky","Rhino","June 17th","""punk""","Nature"
"344","SporkNACracklePAL","https://static.wikia.nocookie.net/animalcrossing/images/d/db/NH-Spork_poster.png/revision/latest/scale-to-width-down/100?cb=20200522190834","♂ Lazy","Pig","September 3rd","""snork""","Play"
"345","Sprinkle","https://static.wikia.nocookie.net/animalcrossing/images/e/e5/NH-Sprinkle_poster.png/revision/latest/scale-to-width-down/100?cb=20200410190333","♀ Peppy","Penguin","February 20th","""frappe""","Play"
"346","Sprocket","https://static.wikia.nocookie.net/animalcrossing/images/e/e6/NH-Sprocket_poster.png/revision/latest/scale-to-width-down/100?cb=20200410191806","♂ Jock","Ostrich","December 1st","""zort""","Music"
"347","Static","https://static.wikia.nocookie.net/animalcrossing/images/f/ff/NH-Static_poster.png/revision/latest/scale-to-width-down/100?cb=20200410184107","♂ Cranky","Squirrel","July 9th","""krzzt""","Music"
"348","Stella","https://static.wikia.nocookie.net/animalcrossing/images/5/50/NH-Stella_poster.png/revision/latest/scale-to-width-down/100?cb=20200410184731","♀ Normal","Sheep","April 9th","""baa-dabing""","Nature"
"349","Sterling","https://static.wikia.nocookie.net/animalcrossing/images/0/0a/NH-Sterling_poster.png/revision/latest/scale-to-width-down/100?cb=20200410191029","♂ Jock","Eagle","December 11th","""skraaaaw""","Fitness"
"350","Stinky","https://static.wikia.nocookie.net/animalcrossing/images/c/cc/NH-Stinky_poster.png/revision/latest/scale-to-width-down/100?cb=20200522190854","♂ Jock","Cat","August 17th","""GAAHHH""","Fitness"
"351","Stitches","https://static.wikia.nocookie.net/animalcrossing/images/0/0a/NH-Stitches_poster.png/revision/latest/scale-to-width-down/100?cb=20200522190915","♂ Lazy","Cub","February 10th","""stuffin'""","Play"
"352","Stu","https://static.wikia.nocookie.net/animalcrossing/images/f/fc/NH-Stu_poster.png/revision/latest/scale-to-width-down/100?cb=20200522190934","♂ Lazy","Bull","April 20th","""mrooooo""","Nature"
"353","Sydney","https://static.wikia.nocookie.net/animalcrossing/images/f/f6/NH-Sydney_poster.png/revision/latest/scale-to-width-down/100?cb=20200522190951","♀ Normal","Koala","June 21st","""sunshine""","Music"
"354","Sylvana","https://static.wikia.nocookie.net/animalcrossing/images/4/41/NH-Sylvana_poster.png/revision/latest/scale-to-width-down/100?cb=20200410183935","♀ Normal","Squirrel","October 22nd","""hubbub""","Nature"
"355","Sylvia","https://static.wikia.nocookie.net/animalcrossing/images/4/4b/NH-Sylvia_poster.png/revision/latest/scale-to-width-down/100?cb=20200522191011","♀ Sisterly","Kangaroo","May 3rd","""boing""","Music"
"356","Tabby","https://static.wikia.nocookie.net/animalcrossing/images/d/d7/NH-Tabby_poster.png/revision/latest/scale-to-width-down/100?cb=20200410182747","♀ Peppy","Cat","August 13th","""me-WOW""","Music"
"357","Tad","https://static.wikia.nocookie.net/animalcrossing/images/c/c8/NH-Tad_poster.png/revision/latest/scale-to-width-down/100?cb=20200522182923","♂ Jock","Frog","August 3rd","""sluuuurp""","Play"
"358","Tammi","https://static.wikia.nocookie.net/animalcrossing/images/d/d1/NH-Tammi_poster.png/revision/latest/scale-to-width-down/100?cb=20200522182953","♀ Peppy","Monkey","April 2nd","""chimpy""","Fashion"
"359","Tammy","https://static.wikia.nocookie.net/animalcrossing/images/6/66/NH-Tammy_poster.png/revision/latest/scale-to-width-down/100?cb=20200522183012","♀ Sisterly","Cub","June 23rd","""ya heard""","Play"
"360","Tangy","https://static.wikia.nocookie.net/animalcrossing/images/c/c8/NH-Tangy_poster.png/revision/latest/scale-to-width-down/100?cb=20200410182223","♀ Peppy","Cat","June 17th","""reeeeOWR""","Music"
"361","Tank","https://static.wikia.nocookie.net/animalcrossing/images/e/eb/NH-Tank_poster.png/revision/latest/scale-to-width-down/100?cb=20200410185033","♂ Jock","Rhino","May 6th","""kerPOW""","Fitness"
"362","Tasha","https://static.wikia.nocookie.net/animalcrossing/images/d/d3/NH-Tasha_poster.png/revision/latest/scale-to-width-down/100?cb=20200522183129","♀ Snooty","Squirrel","November 30th","""nice nice""","Fitness"
"363","T-Bone","https://static.wikia.nocookie.net/animalcrossing/images/c/ca/NH-T-Bone_poster.png/revision/latest/scale-to-width-down/100?cb=20200522183035","♂ Cranky","Bull","May 20th","""moocher""","Education"
"364","Teddy","https://static.wikia.nocookie.net/animalcrossing/images/1/11/NH-Teddy_poster.png/revision/latest/scale-to-width-down/100?cb=20200522183157","♂ Jock","Bear","September 26th","""grooof""","Fitness"
"365","Tex","https://static.wikia.nocookie.net/animalcrossing/images/a/a1/NH-Tex_poster.png/revision/latest/scale-to-width-down/100?cb=20200410190412","♂ Smug","Penguin","October 6th","""picante""","Music"
"366","Tia","https://static.wikia.nocookie.net/animalcrossing/images/4/41/NH-Tia_poster.png/revision/latest/scale-to-width-down/100?cb=20200522183230","♀ Normal","Elephant","November 18th","""teacup""","Nature"
"367","Tiffany","https://static.wikia.nocookie.net/animalcrossing/images/f/fb/NH-Tiffany_poster.png/revision/latest/scale-to-width-down/100?cb=20200410185508","♀ Snooty","Rabbit","January 9th","""bun bun""","Fashion"
"368","Timbra","https://static.wikia.nocookie.net/animalcrossing/images/6/6a/NH-Timbra_poster.png/revision/latest/scale-to-width-down/100?cb=20200410184616","♀ Snooty","Sheep","October 21st","""pine nut""","Education"
"369","Tipper","https://static.wikia.nocookie.net/animalcrossing/images/6/64/NH-Tipper_poster.png/revision/latest/scale-to-width-down/100?cb=20200522183257","♀ Snooty","Cow","August 25th","""pushy""","Fashion"
"370","Toby","https://static.wikia.nocookie.net/animalcrossing/images/5/57/NH-Toby_poster.png/revision/latest/scale-to-width-down/100?cb=20210318062846","♂ Smug","Rabbit","July 10th","""ribbit""","Music"
"371","Tom","https://static.wikia.nocookie.net/animalcrossing/images/7/7d/NH-Tom_poster.png/revision/latest/scale-to-width-down/100?cb=20200522183324","♂ Cranky","Cat","December 10th","""me-YOWZA""","Education"
"372","Truffles","https://static.wikia.nocookie.net/animalcrossing/images/c/c9/NH-Truffles_poster.png/revision/latest/scale-to-width-down/100?cb=20200522183349","♀ Peppy","Pig","July 28th","""snoutie""","Fashion"
"373","Tucker","https://static.wikia.nocookie.net/animalcrossing/images/3/32/NH-Tucker_poster.png/revision/latest/scale-to-width-down/100?cb=20200522183418","♂ Lazy","Elephant","September 7th","""fuzzers""","Nature"
"374","Tutu","https://static.wikia.nocookie.net/animalcrossing/images/9/95/NH-Tutu_poster.png/revision/latest/scale-to-width-down/100?cb=20200522183436","♀ Peppy","Bear","September 15th","""twinkles""","Fashion"
"375","Twiggy","https://static.wikia.nocookie.net/animalcrossing/images/5/52/NH-Twiggy_poster.png/revision/latest/scale-to-width-down/100?cb=20200522183456","♀ Peppy","Bird","July 13th","""cheepers""","Fashion"
"376","Tybalt","https://static.wikia.nocookie.net/animalcrossing/images/d/dc/NH-Tybalt_poster.png/revision/latest/scale-to-width-down/100?cb=20200410183724","♂ Jock","Tiger","August 19th","""grrrRAH""","Play"
"377","Ursala","https://static.wikia.nocookie.net/animalcrossing/images/2/23/NH-Ursala_poster.png/revision/latest/scale-to-width-down/100?cb=20200522183519","♀ Sisterly","Bear","January 16th","""grooomph""","Music"
"378","Velma","https://static.wikia.nocookie.net/animalcrossing/images/1/17/NH-Velma_poster.png/revision/latest/scale-to-width-down/100?cb=20200522183543","♀ Snooty","Goat","January 14th","""blih""","Education"
"379","Vesta","https://static.wikia.nocookie.net/animalcrossing/images/8/8f/NH-Vesta_poster.png/revision/latest/scale-to-width-down/100?cb=20200410184828","♀ Normal","Sheep","April 16th","""baaaffo""","Fashion"
"380","Vic","https://static.wikia.nocookie.net/animalcrossing/images/b/b9/NH-Vic_poster.png/revision/latest/scale-to-width-down/100?cb=20200522183604","♂ Cranky","Bull","December 29th","""cud""","Fitness"
"381","Victoria","https://static.wikia.nocookie.net/animalcrossing/images/4/46/NH-Victoria_poster.png/revision/latest/scale-to-width-down/100?cb=20200522183627","♀ Peppy","Horse","July 11th","""sugar cube""","Fitness"
"382","Violet","https://static.wikia.nocookie.net/animalcrossing/images/b/b7/NH-Violet_poster.png/revision/latest/scale-to-width-down/100?cb=20200522183649","♀ Snooty","Gorilla","September 1st","""sweetie""","Fitness"
"383","Vivian","https://static.wikia.nocookie.net/animalcrossing/images/d/d2/NH-Vivian_poster.png/revision/latest/scale-to-width-down/100?cb=20200410183210","♀ Snooty","Wolf","January 26th","""piffle""","Education"
"384","Vladimir","https://static.wikia.nocookie.net/animalcrossing/images/7/7c/NH-Vladimir_poster.png/revision/latest/scale-to-width-down/100?cb=20200522183708","♂ Cranky","Cub","August 2nd","""nyet""","Play"
"385","Wade","https://static.wikia.nocookie.net/animalcrossing/images/8/8e/NH-Wade_poster.png/revision/latest/scale-to-width-down/100?cb=20200410190514","♂ Lazy","Penguin","October 30th","""so it goes""","Nature"
"386","Walker","https://static.wikia.nocookie.net/animalcrossing/images/e/e0/NH-Walker_poster.png/revision/latest/scale-to-width-down/100?cb=20200522183727","♂ Lazy","Dog","June 10th","""wuh""","Play"
"387","Walt","https://static.wikia.nocookie.net/animalcrossing/images/3/3a/NH-Walt_poster.png/revision/latest/scale-to-width-down/100?cb=20200522183748","♂ Cranky","Kangaroo","April 24th","""pockets""","Fitness"
"388","Wart Jr.","https://static.wikia.nocookie.net/animalcrossing/images/f/f7/NH-Wart_Jr._poster.png/revision/latest/scale-to-width-down/100?cb=20200522183806","♂ Cranky","Frog","August 21st","""grr-ribbit""","Education"
"389","Weber","https://static.wikia.nocookie.net/animalcrossing/images/5/54/NH-Weber_poster.png/revision/latest/scale-to-width-down/100?cb=20200522183823","♂ Lazy","Duck","June 30th","""quaa""","Nature"
"390","Wendy","https://static.wikia.nocookie.net/animalcrossing/images/4/4e/NH-Wendy_poster.png/revision/latest/scale-to-width-down/100?cb=20200410184538","♀ Peppy","Sheep","August 15th","""lambkins""","Fashion"
"391","Whitney","https://static.wikia.nocookie.net/animalcrossing/images/b/b0/NH-Whitney_poster.png/revision/latest/scale-to-width-down/100?cb=20200410183425","♀ Snooty","Wolf","September 17th","""snappy""","Fashion"
"392","Willow","https://static.wikia.nocookie.net/animalcrossing/images/0/05/NH-Willow_poster.png/revision/latest/scale-to-width-down/100?cb=20200522183842","♀ Snooty","Sheep","November 26th","""bo peep""","Fashion"
"393","Winnie","https://static.wikia.nocookie.net/animalcrossing/images/7/76/NH-Winnie_poster.png/revision/latest/scale-to-width-down/100?cb=20200522184108","♀ Peppy","Horse","January 31st","""hay-OK""","Fashion"
"394","Wolfgang","https://static.wikia.nocookie.net/animalcrossing/images/1/19/NH-Wolfgang_poster.png/revision/latest/scale-to-width-down/100?cb=20200410183450","♂ Cranky","Wolf","November 25th","""snarrrl""","Education"
"395","Yuka","https://static.wikia.nocookie.net/animalcrossing/images/b/b6/NH-Yuka_poster.png/revision/latest/scale-to-width-down/100?cb=20200522183928","♀ Snooty","Koala","July 20th","""tsk tsk""","Fashion"
"396","Zell","https://static.wikia.nocookie.net/animalcrossing/images/c/c8/NH-Zell_poster.png/revision/latest/scale-to-width-down/100?cb=20200522183947","♂ Smug","Deer","June 7th","""pronk""","Music"
"397","Zucker","https://static.wikia.nocookie.net/animalcrossing/images/1/10/NH-Zucker_poster.png/revision/latest/scale-to-width-down/100?cb=20200522184009","♂ Lazy","Octopus","March 8th","""bloop""","Nature"
